temperature,pressure,ph,mixing_speed,energy_used,temperature_std,pressure_std,ph_std,mixing_speed_std,energy_used_std
179.74397572667272,30.447148704941792,7.11942815208759,1159.185408045528,458.2816220561403,3.4813472649221864,2.232329260507532,0.3662114804174233,43.9477643070893,28.947323687424618
